variable,count,mean,std,min,25%,50%,75%,max,original
dummy1,1000.0,0.00011139309051305229,0.01053893096453425,-0.0297537661798976,-0.006774096527084975,-0.00038004527696775003,0.00744273268594135,0.033259327627924,-0.003130391931986
dummy2,1000.0,-0.0003343188012627216,0.010182943098963417,-0.0405491440892618,-0.007068686838461924,-0.0007171031623256,0.006389710371066325,0.0285910572977599,0.0055756905836048
x1,1000.0,-0.05351525924741388,3.0885072851875197,-9.980065858590672,-2.0168961320677767,-0.01493438283314455,1.880232947536546,28.2053157006923,28.2053157006923
x2,1000.0,0.02442558876005475,8.032487085156998,-24.948734352799693,-5.263344631890248,-0.08786932998418515,5.102811234798589,75.05080621262813,75.05080621262813
x3,1000.0,0.02742658450841586,1.9466431385677243,-5.902941742622192,-1.3196467794547657,0.0525105533077798,1.2745219824661653,17.754828927484468,17.754828927484468